V_bias,abs_V,I_ion,I_ion_sq,fit_Iion_sq
-5.000000000000000000e+01,5.000000000000000000e+01,1.430614233375107971e-02,2.046657084735447837e-04,7.801802892615881534e-05
-4.500000000000000000e+01,4.500000000000000000e+01,1.106715822195152975e-03,1.224819911097093507e-06,6.442210394796296321e-05
-4.000000000000000000e+01,4.000000000000000000e+01,9.953521493534572481e-04,9.907259012225470395e-07,5.082617896976711786e-05
-3.500000000000000000e+01,3.500000000000000000e+01,9.947229760605654555e-04,9.894737991027882377e-07,3.723025399157126573e-05
-3.000000000000000000e+01,3.000000000000000000e+01,9.966104959392382313e-04,9.932324806162543247e-07,2.363432901337541361e-05
-2.500000000000000000e+01,2.500000000000000000e+01,9.884312431316570700e-04,9.769963223987929839e-07,1.003840403517954793e-05
-2.000000000000000000e+01,2.000000000000000000e+01,9.846562033743108677e-04,9.695478388435123495e-07,-3.557520943016297425e-06
-1.500000000000000000e+01,1.500000000000000000e+01,9.783644704454022654e-04,9.571970370299124061e-07,-1.715344592121214955e-05
-1.000000000000000000e+01,1.000000000000000000e+01,9.701852176378204535e-04,9.412593565229450580e-07,-3.074937089940800168e-05
