V_bias,I_electron,ln_Ie,fit_ln_Ie
-1.000000000000000000e+01,8.045553482843053510e-04,-7.125220795533754092e+00,-7.078396400939888089e+00
-9.000000000000000000e+00,1.505297103241604343e-03,-6.498764989472480380e+00,-6.584375132504100669e+00
-8.000000000000000000e+00,2.076271866540146255e-03,-6.177181365345017383e+00,-6.090353864068312362e+00
-7.000000000000000000e+00,3.737289359772257100e-03,-5.589394700442899655e+00,-5.596332595632524942e+00
-6.000000000000000000e+00,6.202862201288679260e-03,-5.082744448087389344e+00,-5.102311327196737523e+00
-5.000000000000000000e+00,1.066684671435005720e-02,-4.540614785522659069e+00,-4.608290058760949215e+00
-4.000000000000000000e+00,1.635064094900357326e-02,-4.113488180633325442e+00,-4.114268790325161795e+00
-3.000000000000000000e+00,2.621293231506898261e-02,-3.641502390183607663e+00,-3.620247521889373488e+00
-2.000000000000000000e+00,4.277120045072618088e-02,-3.151890289549501123e+00,-3.126226253453586068e+00
