pressure_torr,I_ion
0.000000000000000000e+00,3.354835887466946741e-03
1.000000000000000056e-01,2.348385121226862458e-03
5.000000000000000000e-01,0.000000000000000000e+00
1.000000000000000000e+00,6.709671774933891964e-04
3.000000000000000000e+00,0.000000000000000000e+00
5.000000000000000000e+00,3.354835887466945982e-04
1.000000000000000000e+01,0.000000000000000000e+00
