V_bias,abs_V,I_ion,I_ion_sq,fit_Iion_sq
-5.000000000000000000e+01,5.000000000000000000e+01,2.358774607381198749e-02,5.563817648426328021e-04,5.556857136821166492e-04
-4.500000000000000000e+01,4.500000000000000000e+01,2.212397440790123126e-02,4.894702436014686285e-04,5.052643103505070725e-04
-4.000000000000000000e+01,4.000000000000000000e+01,2.120911711670700472e-02,4.498266488701940249e-04,4.548429070188974958e-04
-3.500000000000000000e+01,3.500000000000000000e+01,2.029815283526254302e-02,4.120150085236768322e-04,4.044215036872879734e-04
-3.000000000000000000e+01,3.000000000000000000e+01,1.903292466658968243e-02,3.622522213640779745e-04,3.540001003556783967e-04
-2.500000000000000000e+01,2.500000000000000000e+01,1.789227280990922375e-02,3.201334263042169225e-04,3.035786970240688201e-04
-2.000000000000000000e+01,2.000000000000000000e+01,1.622217162726104570e-02,2.631588523043132703e-04,2.531572936924592976e-04
-1.500000000000000000e+01,1.500000000000000000e+01,1.404208616739395857e-02,1.971801839325167387e-04,2.027358903608497210e-04
-1.000000000000000000e+01,1.000000000000000000e+01,1.164399216154016030e-02,1.355825534580087021e-04,1.523144870292401443e-04
