V_bias,I_electron,ln_Ie,fit_ln_Ie
-1.000000000000000000e+01,7.007417549572983418e-04,-7.263371134014571240e+00,-7.093401639985501994e+00
-9.000000000000000000e+00,1.738877688227371578e-03,-6.354515380627932863e+00,-6.597015551391251620e+00
-8.000000000000000000e+00,2.154132061535402216e-03,-6.140367392222300325e+00,-6.100629462797002134e+00
-7.000000000000000000e+00,3.841102953099264760e-03,-5.561995726254785666e+00,-5.604243374202750871e+00
-6.000000000000000000e+00,5.605934039658380663e-03,-5.183929592334735936e+00,-5.107857285608501385e+00
-5.000000000000000000e+00,9.680617577743471855e-03,-4.637629580375079108e+00,-4.611471197014251011e+00
-4.000000000000000000e+00,1.705138270396082054e-02,-4.071523981534295622e+00,-4.115085108420000637e+00
-3.000000000000000000e+00,2.642055950172300660e-02,-3.633612802908444017e+00,-3.618699019825750707e+00
-2.000000000000000000e+00,4.399101017231848293e-02,-3.123769980204367691e+00,-3.122312931231500333e+00
